Workbook

Sheet Main BUS
A1: Main Bus | B1: V3.0 | C1: Total Loading Race: | D1: =SUMIF(Main_Bus[In Use Race], "=TRUE", Main_Bus[Loading (%)])/100 -> 0.29617436 | F1: Data Logger Max Rate: | G1: 0.52 | I1: Convert to dbc: | J1: 10 - Software
C2: Total Loading Charge: | D2: =SUMIF(Main_Bus[In Use Charge], "=TRUE", Main_Bus[Loading (%)])/100 -> 0.18062769 | F2: Telemetry Max Rate: | G2: 0.74
A4: Documented? | B4: ID | C4: Name | D4: Rate (ms) | E4: Length (Bytes) | F4: Loading (%) | G4: Sender | H4: Reciever | I4: In Use Race | J4: In Use Charge | K4: Description
A5: =COUNTIF('Main BUS Message'!$A$1:$A$10091,B5) -> 1 | B5: 0x024 | C5: SetCurrent | D5: 100 | E5: 2 | F5: =IF((I5),(E5+3)*(1000/D5)/1000,0) -> 0 | G5: Debug | H5: Inverter | I5: FALSE | J5: FALSE | K5: Set AC Current - Current (2-byte)
A6: =COUNTIF('Main BUS Message'!$A$1:$A$10091,B6) -> 1 | B6: 0x044 | C6: SetBreakCurrent | D6: 100 | E6: 2 | F6: =IF((I6),(E6+3)*(1000/D6)/1000,0) -> 0 | G6: Debug | H6: Inverter | I6: FALSE | J6: FALSE | K6: Set AC Break Current - Current (2-byte, x10)
A7: =COUNTIF('Main BUS Message'!$A$1:$A$10091,B7) -> 1 | B7: 0x064 | C7: SetERPM | D7: 100 | E7: 4 | F7: =IF((I7),(E7+3)*(1000/D7)/1000,0) -> 0 | G7: Debug | H7: Inverter | I7: FALSE | J7: FALSE | K7: Set ERPM - ERPM (4-byte)
A8: =COUNTIF('Main BUS Message'!$A$1:$A$10091,B8) -> 1 | B8: 0x084 | C8: SetPostion | D8: 100 | E8: 2 | F8: =IF((I8),(E8+3)*(1000/D8)/1000,0) -> 0 | G8: Debug | H8: Inverter | I8: FALSE | J8: FALSE | K8: Set Position (hold motor at angle in degrees if encoder exists) - Angle (2-byte, x10)
A9: =COUNTIF('Main BUS Message'!$A$1:$A$10091,B9) -> 1 | B9: 0x0C4 | C9: SetRelativeBreak | D9: 100 | E9: 2 | F9: =IF((I9),(E9+3)*(1000/D9)/1000,0) -> 0 | G9: Debug | H9: Inverter | I9: FALSE | J9: FALSE | K9: Set relative break current
A10: =COUNTIF('Main BUS Message'!$A$1:$A$10091,B10) -> 1 | B10: 0x0E4 | C10: SetDigOut | D10: 100 | E10: 8 | F10: =IF((I10),(E10+3)*(1000/D10)/1000,0) -> 0 | G10: Debug | H10: Inverter | I10: FALSE | J10: FALSE | K10: Set digital output
A11: =COUNTIF('Main BUS Message'!$A$1:$A$10091,B11) -> 1 | B11: 0x104 | C11: SetCurrentMaxAC | D11: 100 | E11: 8 | F11: =IF((I11),(E11+3)*(1000/D11)/1000,0) -> 0 | G11: Debug | H11: Inverter | I11: FALSE | J11: FALSE | K11: Set max AC current
A12: =COUNTIF('Main BUS Message'!$A$1:$A$10091,B12) -> 1 | B12: 0x124 | C12: SetBreakCurrentMax | D12: 100 | E12: 2 | F12: =IF((I12),(E12+3)*(1000/D12)/1000,0) -> 0 | G12: Debug | H12: Inverter | I12: FALSE | J12: FALSE | K12: Set max AC break current
A13: =COUNTIF('Main BUS Message'!$A$1:$A$10091,B13) -> 1 | B13: 0x144 | C13: SetCurrentMaxDC | D13: 100 | E13: 2 | F13: =IF((I13),(E13+3)*(1000/D13)/1000,0) -> 0 | G13: Debug | H13: Inverter | I13: FALSE | J13: FALSE | K13: Set max DC current
A14: =COUNTIF('Main BUS Message'!$A$1:$A$10091,B14) -> 1 | B14: 0x164 | C14: SetBreakCurrentMaxDC | D14: 100 | E14: 2 | F14: =IF((I14),(E14+3)*(1000/D14)/1000,0) -> 0 | G14: Debug | H14: Inverter | I14: FALSE | J14: FALSE | K14: Set max DC break current
A15: =COUNTIF('Main BUS Message'!$A$1:$A$10091,B15) -> 1 | B15: 0x016 | C15: StatusAPPS | D15: 1000 | E15: 8 | F15: =IF((I15),(E15+3)*(1000/D15)/1000,0) -> 0.011 | G15: APPS | H15: Logger | I15: TRUE | J15: FALSE | K15: MCU Status Message
A16: =COUNTIF('Main BUS Message'!$A$1:$A$10091,B16) -> 1 | B16: 0x081 | C16: StatusAPPSSensor | D16: 1000 | E16: 1 | F16: =IF((I16),(E16+3)*(1000/D16)/1000,0) -> 0.004 | G16: APPS | H16: Screen | I16: TRUE | J16: FALSE | K16: APPS Sensor Status
... A26: =COUNTIF('Main BUS Message'!$A$1:$A$10091,B26) -> 1 | B26: 0x6B5 | C26: CellVoltages3 | D26: 8 | E26: 8 | F26: =IF((I26),(E26+3)*(1000/D26)/1000,0) -> 1.375 | G26: BMS | H26: Logger | I26: TRUE | J26: TRUE | K26: ID Reserved for BMS
A27: =COUNTIF('Main BUS Message'!$A$1:$A$10091,B27) -> 0 | B27: 0x6B6 | C27: BMSSpare1 | F27: =IF((I27),(E27+3)*(1000/D27)/1000,0) -> 0 | G27: BMS | H27: - | I27: FALSE | J27: FALSE | K27: ID Reserved for BMS
A28: =COUNTIF('Main BUS Message'!$A$1:$A$10091,B28) -> 0 | B28: 0x6B7 | C28: BMSSpare2 | F28: =IF((I28),(E28+3)*(1000/D28)/1000,0) -> 0 | G28: BMS | H28: - | I28: FALSE | J28: FALSE | K28: ID Reserved for BMS
A29: =COUNTIF('Main BUS Message'!$A$1:$A$10091,B29) -> 0 | B29: 0x6B8 | C29: BMSSpare3 | F29: =IF((I29),(E29+3)*(1000/D29)/1000,0) -> 0 | G29: BMS | H29: - | I29: FALSE | J29: FALSE | K29: ID Reserved for BMS
A30: =COUNTIF('Main BUS Message'!$A$1:$A$10091,B30) -> 0 | B30: 0x6B9 | C30: BMSSpare4 | F30: =IF((I30),(E30+3)*(1000/D30)/1000,0) -> 0 | G30: BMS | H30: - | I30: FALSE | J30: FALSE | K30: ID Reserved for BMS
A31: =COUNTIF('Main BUS Message'!$A$1:$A$10091,B31) -> 0 | B31: 0x6BA | C31: BMSSpare5 | F31: =IF((I31),(E31+3)*(1000/D31)/1000,0) -> 0 | G31: BMS | H31: - | I31: FALSE | J31: FALSE | K31: ID Reserved for BMS
A32: =COUNTIF('Main BUS Message'!$A$1:$A$10091,B32) -> 0 | B32: 0x6BB | C32: BMSSpare6 | F32: =IF((I32),(E32+3)*(1000/D32)/1000,0) -> 0 | G32: BMS | H32: - | I32: FALSE | J32: FALSE | K32: ID Reserved for BMS
A33: =COUNTIF('Main BUS Message'!$A$1:$A$10091,B33) -> 0 | B33: 0x6BC | C33: BMSSpare7 | F33: =IF((I33),(E33+3)*(1000/D33)/1000,0) -> 0 | G33: BMS | H33: - | I33: FALSE | J33: FALSE | K33: ID Reserved for BMS
A34: =COUNTIF('Main BUS Message'!$A$1:$A$10091,B34) -> 0 | B34: 0x6BD | C34: BMSSpare8 | F34: =IF((I34),(E34+3)*(1000/D34)/1000,0) -> 0 | G34: BMS | H34: - | I34: FALSE | J34: FALSE | K34: ID Reserved for BMS
A35: =COUNTIF('Main BUS Message'!$A$1:$A$10091,B35) -> 0 | B35: 0x6BE | C35: BMSSpare9 | F35: =IF((I35),(E35+3)*(1000/D35)/1000,0) -> 0 | G35: BMS | H35: - | I35: FALSE | J35: FALSE | K35: ID Reserved for BMS
A36: =COUNTIF('Main BUS Message'!$A$1:$A$10091,B36) -> 0 | B36: 0x6BF | C36: BMSSpare10 | F36: =IF((I36),(E36+3)*(1000/D36)/1000,0) -> 0 | G36: BMS | H36: - | I36: FALSE | J36: FALSE | K36: ID Reserved for BMS
A37: =COUNTIF('Main BUS Message'!$A$1:$A$10091,B37) -> 0 | B37: 0x6C0 | C37: BMSSpare11 | F37: =IF((I37),(E37+3)*(1000/D37)/1000,0) -> 0 | G37: BMS | H37: - | I37: FALSE | J37: FALSE | K37: ID Reserved for BMS
A38: =COUNTIF('Main BUS Message'!$A$1:$A$10091,B38) -> 0 | B38: 0x6C1 | C38: BMSSpare12 | F38: =IF((I38),(E38+3)*(1000/D38)/1000,0) -> 0 | G38: BMS | H38: - | I38: FALSE | J38: FALSE | K38: ID Reserved for BMS
A39: =COUNTIF('Main BUS Message'!$A$1:$A$10091,B39) -> 1 | B39: 0x010 | C39: ESPControl | D39: 100 | E39: 2 | F39: =IF((I39),(E39+3)*(1000/D39)/1000,0) -> 0.05 | G39: Dash | H39: Logger/TelemetryCar/IMD_Monitor/APPS | I39: TRUE | J39: FALSE | K39: ESP Control Message
A40: =COUNTIF('Main BUS Message'!$A$1:$A$10091,B40) -> 1 | B40: 0x018 | C40: MCUStatusDash | D40: 1000 | E40: 8 | F40: =IF((I40),(E40+3)*(1000/D40)/1000,0) -> 0.011 | G40: Dash | H40: Logger | I40: TRUE | J40: FALSE | K40: MCU Status Message
A41: =COUNTIF('Main BUS Message'!$A$1:$A$10091,B41) -> 0 | B41: 0x0FF | C41: MCUStatusDebug | D41: 1000 | E41: 8 | F41: =IF((I41),(E41+3)*(1000/D41)/1000,0) -> 0 | G41: Debug | H41: Logger | I41: FALSE | J41: FALSE | K41: MCU Status Message
A42: =COUNTIF('Main BUS Message'!$A$1:$A$10091,B42) -> 1 | B42: 0x204 | C42: FLTireTemp1 | D42: 30 | E42: 8 | F42: =IF((I42),(E42+3)*(1000/D42)/1000,0) -> 0.36666667 | G42: FLTireTemp | H42: Screen | I42: TRUE | J42: FALSE | K42: Front Left Tire temperature sensor channels 1-4
A43: =COUNTIF('Main BUS Message'!$A$1:$A$10091,B43) -> 1 | B43: 0x205 | C43: FLTireTemp2 | D43: 30 | E43: 8 | F43: =IF((I43),(E43+3)*(1000/D43)/1000,0) -> 0.36666667 | G43: FLTireTemp | H43: Screen | I43: TRUE | J43: FALSE | K43: Front Left Tire temperature sensor channels 5-8
A44: =COUNTIF('Main BUS Message'!$A$1:$A$10091,B44) -> 1 | B44: 0x206 | C44: FLTireTemp3 | D44: 30 | E44: 8 | F44: =IF((I44),(E44+3)*(1000/D44)/1000,0) -> 0.36666667 | G44: FLTireTemp | H44: Screen | I44: TRUE | J44: FALSE | K44: Front Left Tire temperature sensor channels 9-12
A45: =COUNTIF('Main BUS Message'!$A$1:$A$10091,B45) -> 1 | B45: 0x207 | C45: FLTireTemp4 | D45: 30 | E45: 8 | F45: =IF((I45),(E45+3)*(1000/D45)/1000,0) -> 0.36666667 | G45: FLTireTemp | H45: Screen | I45: TRUE | J45: FALSE | K45: Front Left Tire temperature sensor channels 13-16
A46: =COUNTIF('Main BUS Message'!$A$1:$A$10091,B46) -> 1 | B46: 0x200 | C46: FRTireTemp1 | D46: 30 | E46: 8 | F46: =IF((I46),(E46+3)*(1000/D46)/1000,0) -> 0.36666667 | G46: FRTireTemp | H46: Screen | I46: TRUE | J46: FALSE | K46: Front Right Tire temperature sensor channels 1-4
A47: =COUNTIF('Main BUS Message'!$A$1:$A$10091,B47) -> 1 | B47: 0x201 | C47: FRTireTemp2 | D47: 30 | E47: 8 | F47: =IF((I47),(E47+3)*(1000/D47)/1000,0) -> 0.36666667 | G47: FRTireTemp | H47: Screen | I47: TRUE | J47: FALSE | K47: Front Right Tire temperature sensor channels 5-8
A48: =COUNTIF('Main BUS Message'!$A$1:$A$10091,B48) -> 1 | B48: 0x202 | C48: FRTireTemp3 | D48: 30 | E48: 8 | F48: =IF((I48),(E48+3)*(1000/D48)/1000,0) -> 0.36666667 | G48: FRTireTemp | H48: Screen | I48: TRUE | J48: FALSE | K48: Front Right Tire temperature sensor channels 9-12
A49: =COUNTIF('Main BUS Message'!$A$1:$A$10091,B49) -> 1 | B49: 0x203 | C49: FRTireTemp4 | D49: 30 | E49: 8 | F49: =IF((I49),(E49+3)*(1000/D49)/1000,0) -> 0.36666667 | G49: FRTireTemp | H49: Screen | I49: TRUE | J49: FALSE | K49: Front Right Tire temperature sensor channels 13-16
A50: =COUNTIF('Main BUS Message'!$A$1:$A$10091,B50) -> 1 | B50: 0x013 | C50: MCUStatusIMDMonitor | D50: 1000 | E50: 8 | F50: =IF((I50),(E50+3)*(1000/D50)/1000,0) -> 0.011 | G50: IMD_Monitor | H50: Logger | I50: TRUE | J50: TRUE | K50: MCU Status Message
... A69: =COUNTIF('Main BUS Message'!$A$1:$A$10091,B69) -> 1 | B69: 0x012 | C69: MCUStatusTelemPits | D69: 1000 | E69: 8 | F69: =IF((I69),(E69+3)*(1000/D69)/1000,0) -> 0 | G69: TelemetryPits | H69: Logger | I69: FALSE | J69: FALSE | K69: MCU Status Message

Sheet Main BUS Message
A2: ID | B2: Length (bytes) | C2: start bit | D2: length (bits) | E2: Name | F2: Description | G2: Byte Order | H2: Signed | I2: Gain | J2: Offset | K2: Unit | L2: Min Value | M2: Max Value | N2: Resolution
A3: 0x024 | B3: 2 | C3: 0 | D3: 16 | E3: AC Current SET | F3: READ THE COMMENT Sets the target motor AC Peak current, auto switches to current control mode | G3: MSB First | H3: YES | I3: 0.1 | J3: 0 | K3: Apk | L3: =IF(H3="NO", J3, (-(2^(D3-1))+J3)*I3) -> -3276.8 | M3: =IF(H3="NO",(((2^D3)-1+J3)*I3),(((2^(D3-1))-1+J3)*I3)) -> 3276.7 | N3: =(M3-L3)/(2^D3) -> 0.099998474
C4: 16 | L4: =IF(H4="NO", J4, (-(2^(D4-1))+J4)*I4) -> 0 | M4: =IF(H4="NO",(((2^D4)-1+J4)*I4),(((2^(D4-1))-1+J4)*I4)) -> 0 | N4: =(M4-L4)/(2^D4) -> 0
A6: 0x044 | B6: 2 | C6: 0 | D6: 16 | E6: Target brake current SET | F6: ONLY POSITIVE CURRENTS ARE ACCEPTED Targets the brake current of the motor, resulting in negative torque, relative to the forward direction of the motor. | G6: MSB First | H6: YES | I6: 0.1 | J6: 0 | K6: Apk | L6: =IF(H6="NO", J6, (-(2^(D6-1))+J6)*I6) -> -3276.8 | M6: =IF(H6="NO",(((2^D6)-1+J6)*I6),(((2^(D6-1))-1+J6)*I6)) -> 3276.7 | N6: =(M6-L6)/(2^D6) -> 0.099998474
C7: 16 | L7: =IF(H7="NO", J7, (-(2^(D7-1))+J7)*I7) -> 0 | M7: =IF(H7="NO",(((2^D7)-1+J7)*I7),(((2^(D7-1))-1+J7)*I7)) -> 0 | N7: =(M7-L7)/(2^D7) -> 0
A9: 0x064 | B9: 4 | C9: 0 | D9: 32 | E9: Target ERPM SET | F9: Enable speed control of motor using target ERPM, Sign is direction of spinning, | G9: MSB First | H9: YES | I9: 1 | J9: 0 | K9: ERPM | L9: =IF(H9="NO", J9, (-(2^(D9-1))+J9)*I9) -> -2147483648 | M9: =IF(H9="NO",(((2^D9)-1+J9)*I9),(((2^(D9-1))-1+J9)*I9)) -> 2147483647 | N9: =(M9-L9)/(2^D9) -> 1
C10: 32 | L10: =IF(H10="NO", J10, (-(2^(D10-1))+J10)*I10) -> 0 | M10: =IF(H10="NO",(((2^D10)-1+J10)*I10),(((2^(D10-1))-1+J10)*I10)) -> 0 | N10: =(M10-L10)/(2^D10) -> 0
A12: 0x084 | B12: 2 | C12: 0 | D12: 16 | E12: Target Position SET | F12: Target the desired position of the motor in degrees, hold position of motor | G12: MSB First | H12: YES | I12: 0.1 | J12: 0 | K12: degrees | L12: =IF(H12="NO", J12, (-(2^(D12-1))+J12)*I12) -> -3276.8 | M12: =IF(H12="NO",(((2^D12)-1+J12)*I12),(((2^(D12-1))-1+J12)*I12)) -> 3276.7 | N12: =(M12-L12)/(2^D12) -> 0.099998474
C13: 16 | L13: =IF(H13="NO", J13, (-(2^(D13-1))+J13)*I13) -> 0 | M13: =IF(H13="NO",(((2^D13)-1+J13)*I13),(((2^(D13-1))-1+J13)*I13)) -> 0 | N13: =(M13-L13)/(2^D13) -> 0
A15: 0x0A4 | B15: 2 | C15: 0 | D15: 16 | E15: Target relative AC current SET | F15: Set relative motor AC current between limits using percentages COMMENT! | G15: MSB First | H15: YES | I15: 0.1 | J15: 0 | K15: % | L15: =IF(H15="NO", J15, (-(2^(D15-1))+J15)*I15) -> -3276.8 | M15: =IF(H15="NO",(((2^D15)-1+J15)*I15),(((2^(D15-1))-1+J15)*I15)) -> 3276.7 | N15: =(M15-L15)/(2^D15) -> 0.099998474 | O15: -100 -> 100%
C16: 16 | L16: =IF(H16="NO", J16, (-(2^(D16-1))+J16)*I16) -> 0 | M16: =IF(H16="NO",(((2^D16)-1+J16)*I16),(((2^(D16-1))-1+J16)*I16)) -> 0 | N16: =(M16-L16)/(2^D16) -> 0
A18: 0x0C4 | B18: 2 | C18: 0 | D18: 16 | E18: RelativeBrakeACCurrent | F18: Set relative AC motor brake current between limits using % | G18: MSB First | H18: YES | I18: 0.1 | J18: 0 | K18: % | L18: =IF(H18="NO", J18, (-(2^(D18-1))+J18)*I18) -> -3276.8 | M18: =IF(H18="NO",(((2^D18)-1+J18)*I18),(((2^(D18-1))-1+J18)*I18)) -> 3276.7 | N18: =(M18-L18)/(2^D18) -> 0.099998474 | O18: 0 -> 100%
C19: 16 | L19: =IF(H19="NO", J19, (-(2^(D19-1))+J19)*I19) -> 0 | M19: =IF(H19="NO",(((2^D19)-1+J19)*I19),(((2^(D19-1))-1+J19)*I19)) -> 0 | N19: =(M19-L19)/(2^D19) -> 0
A21: 0x0E4 | B21: 8 | C21: 0 | D21: 1 | E21: Digital Output 1 | F21: Sets the digital output 1 to HIGH (1) or LOW (0) state | G21: MSB First | H21: NO | I21: 1 | J21: 0 | L21: =IF(H21="NO", J21, (-(2^(D21-1))+J21)*I21) -> 0 | M21: =IF(H21="NO",(((2^D21)-1+J21)*I21),(((2^(D21-1))-1+J21)*I21)) -> 1 | N21: =(M21-L21)/(2^D21) -> 0.5
C22: 1 | D22: 1 | E22: Digital Output 2 | F22: Sets the digital output 2 to HIGH (1) or LOW (0) state | G22: MSB First | H22: NO | I22: 1 | J22: 0 | L22: =IF(H22="NO", J22, (-(2^(D22-1))+J22)*I22) -> 0 | M22: =IF(H22="NO",(((2^D22)-1+J22)*I22),(((2^(D22-1))-1+J22)*I22)) -> 1 | N22: =(M22-L22)/(2^D22) -> 0.5
C23: 2 | D23: 1 | E23: Digital Output 3 | F23: Sets the digital output 3 to HIGH (1) or LOW (0) state | G23: MSB First | H23: NO | I23: 1 | J23: 0 | L23: =IF(H23="NO", J23, (-(2^(D23-1))+J23)*I23) -> 0 | M23: =IF(H23="NO",(((2^D23)-1+J23)*I23),(((2^(D23-1))-1+J23)*I23)) -> 1 | N23: =(M23-L23)/(2^D23) -> 0.5
C24: 3 | D24: 1 | E24: Digital Output 4 | F24: Sets the digital output 4 to HIGH (1) or LOW (0) state | G24: MSB First | H24: NO | I24: 1 | J24: 0 | L24: =IF(H24="NO", J24, (-(2^(D24-1))+J24)*I24) -> 0 | M24: =IF(H24="NO",(((2^D24)-1+J24)*I24),(((2^(D24-1))-1+J24)*I24)) -> 1 | N24: =(M24-L24)/(2^D24) -> 0.5
C25: 4 | D25: 60 | E25: RESERVED | F25: The documentation treats this like it doesn't exist | G25: MSB First | H25: YES | L25: =IF(H25="NO", J25, (-(2^(D25-1))+J25)*I25) -> 0 | M25: =IF(H25="NO",(((2^D25)-1+J25)*I25),(((2^(D25-1))-1+J25)*I25)) -> 0 | N25: =(M25-L25)/(2^D25) -> 0
C26: 64 | L26: =IF(H26="NO", J26, (-(2^(D26-1))+J26)*I26) -> 0 | M26: =IF(H26="NO",(((2^D26)-1+J26)*I26),(((2^(D26-1))-1+J26)*I26)) -> 0 | N26: =(M26-L26)/(2^D26) -> 0
A28: 0x104 | B28: 8 | C28: 8 | D28: 16 | E28: Max AC Current SET | F28: Set the maximum allowable drive current on the AC side | G28: MSB First | H28: YES | I28: 0.1 | J28: 0 | K28: Apk | L28: =IF(H28="NO", J28, (-(2^(D28-1))+J28)*I28) -> -3276.8 | M28: =IF(H28="NO",(((2^D28)-1+J28)*I28),(((2^(D28-1))-1+J28)*I28)) -> 3276.7 | N28: =(M28-L28)/(2^D28) -> 0.099998474
C29: 24 | D29: 48 | E29: RESERVED | F29: Not relevant to the command, fill with FF's or use 2-byte DLC | G29: MSB First | H29: YES | L29: =IF(H29="NO", J29, (-(2^(D29-1))+J29)*I29) -> 0 | M29: =IF(H29="NO",(((2^D29)-1+J29)*I29),(((2^(D29-1))-1+J29)*I29)) -> 0 | N29: =(M29-L29)/(2^D29) -> 0
C30: 64 | L30: =IF(H30="NO", J30, (-(2^(D30-1))+J30)*I30) -> 0 | M30: =IF(H30="NO",(((2^D30)-1+J30)*I30),(((2^(D30-1))-1+J30)*I30)) -> 0 | N30: =(M30-L30)/(2^D30) -> 0
A32: 0x124 | B32: 2 | C32: 8 | D32: 16 | E32: Max brake AC current SET | F32: ONLY NEGATIVE CURRENTS ACCEPTEDSets the maximum allowable brake current on the AC side | G32: MSB First | H32: YES | I32: 0.1 | J32: 0 | K32: Apk | L32: =IF(H32="NO", J32, (-(2^(D32-1))+J32)*I32) -> -3276.8 | M32: =IF(H32="NO",(((2^D32)-1+J32)*I32),(((2^(D32-1))-1+J32)*I32)) -> 3276.7 | N32: =(M32-L32)/(2^D32) -> 0.099998474
C33: 16 | L33: =IF(H33="NO", J33, (-(2^(D33-1))+J33)*I33) -> 0 | M33: =IF(H33="NO",(((2^D33)-1+J33)*I33),(((2^(D33-1))-1+J33)*I33)) -> 0 | N33: =(M33-L33)/(2^D33) -> 0
A35: 0x144 | B35: 2 | C35: 8 | D35: 16 | E35: Max DC current SET | F35: Maximum allowable drive current on the DC side, (batt discharge current) | G35: MSB First | H35: YES | I35: 0.1 | J35: 0 | K35: A | L35: =IF(H35="NO", J35, (-(2^(D35-1))+J35)*I35) -> -3276.8 | M35: =IF(H35="NO",(((2^D35)-1+J35)*I35),(((2^(D35-1))-1+J35)*I35)) -> 3276.7 | N35: =(M35-L35)/(2^D35) -> 0.099998474
C36: 24 | L36: =IF(H36="NO", J36, (-(2^(D36-1))+J36)*I36) -> 0 | M36: =IF(H36="NO",(((2^D36)-1+J36)*I36),(((2^(D36-1))-1+J36)*I36)) -> 0 | N36: =(M36-L36)/(2^D36) -> 0
A38: 0x164 | B38: 2 | C38: 8 | D38: 16 | E38: Maximum brake DC current SET | F38: ONLY NEGATIVE CURRENTS ACCEPTED Maximum allowable brake current DC side | G38: MSB First | H38: YES | I38: 0.1 | J38: 0 | K38: % | L38: =IF(H38="NO", J38, (-(2^(D38-1))+J38)*I38) -> -3276.8 | M38: =IF(H38="NO",(((2^D38)-1+J38)*I38),(((2^(D38-1))-1+J38)*I38)) -> 3276.7 | N38: =(M38-L38)/(2^D38) -> 0.099998474
C39: 24 | L39: =IF(H39="NO", J39, (-(2^(D39-1))+J39)*I39) -> 0 | M39: =IF(H39="NO",(((2^D39)-1+J39)*I39),(((2^(D39-1))-1+J39)*I39)) -> 0 | N39: =(M39-L39)/(2^D39) -> 0
A41: 0x184 | B41: 1 | C41: 0 | D41: 1 | E41: Drive enable | F41: Must be sent periodically to be enabled, 1 = enable, 0 = disable | G41: MSB First | H41: NO | I41: 1 | J41: 0 | L41: =IF(H41="NO", J41, (-(2^(D41-1))+J41)*I41) -> 0 | M41: =IF(H41="NO",(((2^D41)-1+J41)*I41),(((2^(D41-1))-1+J41)*I41)) -> 1 | N41: =(M41-L41)/(2^D41) -> 0.5
C42: 1 | D42: 7 | E42: RESERVED | G42: MSB First | L42: =IF(H42="NO", J42, (-(2^(D42-1))+J42)*I42) -> 0 | M42: =IF(H42="NO",(((2^D42)-1+J42)*I42),(((2^(D42-1))-1+J42)*I42)) -> 0 | N42: =(M42-L42)/(2^D42) -> 0
C43: 8 | L43: =IF(H43="NO", J43, (-(2^(D43-1))+J43)*I43) -> 0 | M43: =IF(H43="NO",(((2^D43)-1+J43)*I43),(((2^(D43-1))-1+J43)*I43)) -> 0 | N43: =(M43-L43)/(2^D43) -> 0
A45: 0x010 | B45: 2 | C45: 0 | D45: 1 | E45: BRestart | F45: Restart all MCUs | G45: MSB First | H45: NO | I45: 1 | J45: 0 | L45: =IF(H45="NO", J45, (-(2^(D45-1))+J45)*I45) -> 0 | M45: =IF(H45="NO",(((2^D45)-1+J45)*I45),(((2^(D45-1))-1+J45)*I45)) -> 1 | N45: =(M45-L45)/(2^D45) -> 0.5
C46: =C45+D45 -> 1 | D46: 1 | E46: BClearMinMax | F46: Clear Min/ Max Recorded Values | G46: MSB First | H46: NO | I46: 1 | J46: 0 | L46: =IF(H46="NO", J46, (-(2^(D46-1))+J46)*I46) -> 0 | M46: =IF(H46="NO",(((2^D46)-1+J46)*I46),(((2^(D46-1))-1+J46)*I46)) -> 1 | N46: =(M46-L46)/(2^D46) -> 0.5
C47: =C46+D46 -> 2 | D47: 1 | E47: BClearErrors | F47: Clear Any Latched Values | G47: MSB First | H47: NO | I47: 1 | J47: 0 | L47: =IF(H47="NO", J47, (-(2^(D47-1))+J47)*I47) -> 0 | M47: =IF(H47="NO",(((2^D47)-1+J47)*I47),(((2^(D47-1))-1+J47)*I47)) -> 1 | N47: =(M47-L47)/(2^D47) -> 0.5
C48: =C47+D47 -> 3 | D48: =16-3 -> 13 | E48: Spare | G48: MSB First | H48: NO | J48: 0 | L48: =IF(H48="NO", J48, (-(2^(D48-1))+J48)*I48) -> 0 | M48: =IF(H48="NO",(((2^D48)-1+J48)*I48),(((2^(D48-1))-1+J48)*I48)) -> 0 | N48: =(M48-L48)/(2^D48) -> 0
C49: =C48+D48 -> 16 | J49: 0 | L49: =IF(H49="NO", J49, (-(2^(D49-1))+J49)*I49) -> 0 | M49: =IF(H49="NO",(((2^D49)-1+J49)*I49),(((2^(D49-1))-1+J49)*I49)) -> 0 | N49: =(M49-L49)/(2^D49) -> 0
A51: 0x404 | B51: 8 | C51: 0 | D51: 32 | E51: ERPM | F51: ERPM = Motor RPM * number of motor pole pairs | G51: MSB First | H51: YES | I51: 1 | J51: 0 | K51: ERPM | L51: =IF(H51="NO", J51, (-(2^(D51-1))+J51)*I51) -> -2147483648 | M51: =IF(H51="NO",(((2^D51)-1+J51)*I51),(((2^(D51-1))-1+J51)*I51)) -> 2147483647 | N51: =(M51-L51)/(2^D51) -> 1
C52: 32 | D52: 16 | E52: Duty Cycle | F52: Controller Duty Cycle, +ve = running -ve = regenerating | G52: MSB First | H52: YES | I52: 0.1 | J52: 0 | K52: % | L52: =IF(H52="NO", J52, (-(2^(D52-1))+J52)*I52) -> -3276.8 | M52: =IF(H52="NO",(((2^D52)-1+J52)*I52),(((2^(D52-1))-1+J52)*I52)) -> 3276.7 | N52: =(M52-L52)/(2^D52) -> 0.099998474
C53: 48 | D53: =64-C53 -> 16 | E53: Input Voltage | F53: Input voltage DC voltage | G53: MSB First | H53: YES | I53: 1 | J53: 0 | K53: V | L53: =IF(H53="NO", J53, (-(2^(D53-1))+J53)*I53) -> -32768 | M53: =IF(H53="NO",(((2^D53)-1+J53)*I53),(((2^(D53-1))-1+J53)*I53)) -> 32767 | N53: =(M53-L53)/(2^D53) -> 0.99998474
C54: 64 | L54: =IF(H54="NO", J54, (-(2^(D54-1))+J54)*I54) -> 0 | N54: =(M54-L54)/(2^D54) -> 0
A56: 0x424 | B56: 8 | C56: 0 | D56: 16 | E56: AC Current | F56: The Motor current +ve = running, -ve = regenerating | G56: MSB First | H56: YES | I56: 0.1 | J56: 0 | K56: Apk | L56: =IF(H56="NO", J56, (-(2^(D56-1))+J56)*I56) -> -3276.8 | M56: =IF(H56="NO",(((2^D56)-1+J56)*I56),(((2^(D56-1))-1+J56)*I56)) -> 3276.7 | N56: =(M56-L56)/(2^D56) -> 0.099998474
C57: 16 | D57: 16 | E57: DC Current | F57: Current on the DC Side, Motor where +ve = running, -ve = regen | G57: MSB First | H57: YES | I57: 0.1 | J57: 0 | K57: Adc | L57: =IF(H57="NO", J57, (-(2^(D57-1))+J57)*I57) -> -3276.8 | M57: =IF(H57="NO",(((2^D57)-1+J57)*I57),(((2^(D57-1))-1+J57)*I57)) -> 3276.7 | N57: =(M57-L57)/(2^D57) -> 0.099998474
C58: 32 | D58: =64-C58 -> 32 | E58: RESERVED | F58: Filled with FF's for future use | G58: MSB First | H58: NO | J58: 0 | K58: ~ | L58: =IF(H58="NO", J58, (-(2^(D58-1))+J58)*I58) -> 0 | M58: =IF(H58="NO",(((2^D58)-1+J58)*I58),(((2^(D58-1))-1+J58)*I58)) -> 0 | N58: =(M58-L58)/(2^D58) -> 0
C59: 64 | L59: =IF(H59="NO", J59, (-(2^(D59-1))+J59)*I59) -> 0 | M59: =IF(H59="NO",(((2^D59)-1+J59)*I59),(((2^(D59-1))-1+J59)*I59)) -> 0 | N59: =(M59-L59)/(2^D59) -> 0
A61: 0x444 | B61: 8 | C61: 0 | D61: 16 | E61: Controller Temperature | F61: Temperature of the inverter semicondcutors | G61: MSB First | H61: YES | I61: 0.1 | J61: 0 | K61: Degrees C | L61: =IF(H61="NO", J61, (-(2^(D61-1))+J61)*I61) -> -3276.8 | M61: =IF(H61="NO",(((2^D61)-1+J61)*I61),(((2^(D61-1))-1+J61)*I61)) -> 3276.7 | N61: =(M61-L61)/(2^D61) -> 0.099998474
C62: 16 | D62: 16 | E62: Motor Temperature | F62: Temperature of the motor measured by the inverter | G62: MSB First | H62: YES | I62: 0.1 | J62: 0 | K62: Degrees C | L62: =IF(H62="NO", J62, (-(2^(D62-1))+J62)*I62) -> -3276.8 | M62: =IF(H62="NO",(((2^D62)-1+J62)*I62),(((2^(D62-1))-1+J62)*I62)) -> 3276.7 | N62: =(M62-L62)/(2^D62) -> 0.099998474
C63: 32 | D63: 8 | E63: Fault Code | F63: See Comment for list of codes | G63: MSB First | H63: NO | I63: 1 | J63: 0 | K63: # | L63: =IF(H63="NO", J63, (-(2^(D63-1))+J63)*I63) -> 0 | M63: =IF(H63="NO",(((2^D63)-1+J63)*I63),(((2^(D63-1))-1+J63)*I63)) -> 255 | N63: =(M63-L63)/(2^D63) -> 0.99609375
C64: 40 | D64: 24 | E64: RESERVED | F64: Filled with FF's for future use | G64: MSB First | H64: NO | J64: 0 | K64: ~ | L64: =IF(H64="NO", J64, (-(2^(D64-1))+J64)*I64) -> 0 | M64: =IF(H64="NO",(((2^D64)-1+J64)*I64),(((2^(D64-1))-1+J64)*I64)) -> 0 | N64: =(M64-L64)/(2^D64) -> 0
C65: 64 | L65: =IF(H65="NO", J65, (-(2^(D65-1))+J65)*I65) -> 0 | M65: =IF(H65="NO",(((2^D65)-1+J65)*I65),(((2^(D65-1))-1+J65)*I65)) -> 0 | N65: =(M65-L65)/(2^D65) -> 0
A67: 0x464 | B67: 8 | C67: 0 | D67: 32 | E67: Id | F67: FOC algorithm component Id | G67: MSB First | H67: YES | I67: 0.001 | J67: 0 | K67: Apk | L67: =IF(H67="NO", J67, (-(2^(D67-1))+J67)*I67) -> -2147483.6 | M67: =IF(H67="NO",(((2^D67)-1+J67)*I67),(((2^(D67-1))-1+J67)*I67)) -> 2147483.6 | N67: =(M67-L67)/(2^D67) -> 0.001 | O67: Discrepancy with the data sheet, data sheet claims scale is 100, but has to be 1000 to match the min and max post-scale
C68: 32 | D68: 32 | E68: Iq | F68: FOC algorithm component Iq | G68: MSB First | H68: YES | I68: 0.001 | J68: 0 | K68: Apk | L68: =IF(H68="NO", J68, (-(2^(D68-1))+J68)*I68) -> -2147483.6 | M68: =IF(H68="NO",(((2^D68)-1+J68)*I68),(((2^(D68-1))-1+J68)*I68)) -> 2147483.6 | N68: =(M68-L68)/(2^D68) -> 0.001 | O68: ^
C69: 64 | L69: =IF(H69="NO", J69, (-(2^(D69-1))+J69)*I69) -> 0 | M69: =IF(H69="NO",(((2^D69)-1+J69)*I69),(((2^(D69-1))-1+J69)*I69)) -> 0 | N69: =(M69-L69)/(2^D69) -> 0
A71: 0x484 | B71: 8 | C71: 0 | D71: 8 | E71: Throttle Signal | F71: Throttle signal derrived from analog inputs or CAN2 | G71: MSB First | H71: YES | I71: 1 | J71: 0 | K71: % | L71: =IF(H71="NO", J71, (-(2^(D71-1))+J71)*I71) -> -128 | M71: =IF(H71="NO",(((2^D71)-1+J71)*I71),(((2^(D71-1))-1+J71)*I71)) -> 127 | N71: =(M71-L71)/(2^D71) -> 0.99609375
C72: 8 | D72: 8 | E72: Brake Signal | F72: Brake Signal derrived frm analog inputs or CAN2 | G72: MSB First | H72: YES | I72: 1 | J72: 0 | K72: % | L72: =IF(H72="NO", J72, (-(2^(D72-1))+J72)*I72) -> -128 | M72: =IF(H72="NO",(((2^D72)-1+J72)*I72),(((2^(D72-1))-1+J72)*I72)) -> 127 | N72: =(M72-L72)/(2^D72) -> 0.99609375
C73: 16 | D73: 1 | E73: Digital In 1 | F73: 1 : Digital Input is active, 0 : Digital input is inactive | G73: MSB First | H73: NO | I73: 1 | J73: 0 | L73: =IF(H73="NO", J73, (-(2^(D73-1))+J73)*I73) -> 0 | M73: =IF(H73="NO",(((2^D73)-1+J73)*I73),(((2^(D73-1))-1+J73)*I73)) -> 1 | N73: =(M73-L73)/(2^D73) -> 0.5
C74: 17 | D74: 1 | E74: Digital In 2 | G74: MSB First | H74: NO | I74: 1 | J74: 0 | L74: =IF(H74="NO", J74, (-(2^(D74-1))+J74)*I74) -> 0 | M74: =IF(H74="NO",(((2^D74)-1+J74)*I74),(((2^(D74-1))-1+J74)*I74)) -> 1 | N74: =(M74-L74)/(2^D74) -> 0.5
C75: 18 | D75: 1 | E75: Digital In 3 | G75: MSB First | H75: NO | I75: 1 | J75: 0 | L75: =IF(H75="NO", J75, (-(2^(D75-1))+J75)*I75) -> 0 | M75: =IF(H75="NO",(((2^D75)-1+J75)*I75),(((2^(D75-1))-1+J75)*I75)) -> 1 | N75: =(M75-L75)/(2^D75) -> 0.5
C76: 19 | D76: 1 | E76: Digital In 4 | G76: MSB First | H76: NO | I76: 1 | J76: 0 | L76: =IF(H76="NO", J76, (-(2^(D76-1))+J76)*I76) -> 0 | M76: =IF(H76="NO",(((2^D76)-1+J76)*I76),(((2^(D76-1))-1+J76)*I76)) -> 1 | N76: =(M76-L76)/(2^D76) -> 0.5
C77: 20 | D77: 1 | E77: Digital Out 1 | F77: 1 : Digital output is active, 0 : Digital output is inactive | G77: MSB First | H77: NO | I77: 1 | J77: 0 | L77: =IF(H77="NO", J77, (-(2^(D77-1))+J77)*I77) -> 0 | M77: =IF(H77="NO",(((2^D77)-1+J77)*I77),(((2^(D77-1))-1+J77)*I77)) -> 1 | N77: =(M77-L77)/(2^D77) -> 0.5
C78: 21 | D78: 1 | E78: Digital Out 2 | G78: MSB First | H78: NO | I78: 1 | J78: 0 | L78: =IF(H78="NO", J78, (-(2^(D78-1))+J78)*I78) -> 0 | M78: =IF(H78="NO",(((2^D78)-1+J78)*I78),(((2^(D78-1))-1+J78)*I78)) -> 1 | N78: =(M78-L78)/(2^D78) -> 0.5
C79: 22 | D79: 1 | E79: Digital Out 3 | G79: MSB First | H79: NO | I79: 1 | J79: 0 | L79: =IF(H79="NO", J79, (-(2^(D79-1))+J79)*I79) -> 0 | M79: =IF(H79="NO",(((2^D79)-1+J79)*I79),(((2^(D79-1))-1+J79)*I79)) -> 1 | N79: =(M79-L79)/(2^D79) -> 0.5
C80: 23 | D80: 1 | E80: Digital Out 4 | G80: MSB First | H80: NO | I80: 1 | J80: 0 | L80: =IF(H80="NO", J80, (-(2^(D80-1))+J80)*I80) -> 0 | M80: =IF(H80="NO",(((2^D80)-1+J80)*I80),(((2^(D80-1))-1+J80)*I80)) -> 1 | N80: =(M80-L80)/(2^D80) -> 0.5
C81: 24 | D81: 8 | E81: Drive Enable | F81: 1 : Drive enabled, 0 : Drive Disabled, can be enabled/disabled by the digital input and/or via CAN2 | G81: MSB First | H81: NO | I81: 1 | J81: 0 | L81: =IF(H81="NO", J81, (-(2^(D81-1))+J81)*I81) -> 0 | M81: =IF(H81="NO",(((2^D81)-1+J81)*I81),(((2^(D81-1))-1+J81)*I81)) -> 255 | N81: =(M81-L81)/(2^D81) -> 0.99609375
C82: 32 | D82: 1 | E82: Capacitor Temp Limit | F82: 1 : Cap temp limit active, 0 : Inactive, inverter can limit output power to not overheat internal capacitors (HW V3.6 or newer) | G82: MSB First | H82: NO | I82: 1 | J82: 0 | L82: =IF(H82="NO", J82, (-(2^(D82-1))+J82)*I82) -> 0 | M82: =IF(H82="NO",(((2^D82)-1+J82)*I82),(((2^(D82-1))-1+J82)*I82)) -> 1 | N82: =(M82-L82)/(2^D82) -> 0.5
C83: 33 | D83: 1 | E83: DC Current Limit | F83: 1 : DC Current limit active, 0 : Inactive | G83: MSB First | H83: NO | I83: 1 | J83: 0 | L83: =IF(H83="NO", J83, (-(2^(D83-1))+J83)*I83) -> 0 | M83: =IF(H83="NO",(((2^D83)-1+J83)*I83),(((2^(D83-1))-1+J83)*I83)) -> 1 | N83: =(M83-L83)/(2^D83) -> 0.5
C84: 34 | D84: 1 | E84: Drive Enable Limit | F84: 1 : Drive enable limit active, 0 : Inactive | G84: MSB First | H84: NO | I84: 1 | J84: 0 | L84: =IF(H84="NO", J84, (-(2^(D84-1))+J84)*I84) -> 0 | M84: =IF(H84="NO",(((2^D84)-1+J84)*I84),(((2^(D84-1))-1+J84)*I84)) -> 1 | N84: =(M84-L84)/(2^D84) -> 0.5
C85: 35 | D85: 1 | E85: IGBT Acceleration Limit | F85: 1 : Drive enable limit active, 0 : Inactive | G85: MSB First | H85: NO | I85: 1 | J85: 0 | L85: =IF(H85="NO", J85, (-(2^(D85-1))+J85)*I85) -> 0 | M85: =IF(H85="NO",(((2^D85)-1+J85)*I85),(((2^(D85-1))-1+J85)*I85)) -> 1 | N85: =(M85-L85)/(2^D85) -> 0.5
C86: 36 | D86: 1 | E86: IGBT Temperature Limit | F86: 1 : Active, 0 : Inactive | G86: MSB First | H86: NO | I86: 1 | J86: 0 | L86: =IF(H86="NO", J86, (-(2^(D86-1))+J86)*I86) -> 0 | M86: =IF(H86="NO",(((2^D86)-1+J86)*I86),(((2^(D86-1))-1+J86)*I86)) -> 1 | N86: =(M86-L86)/(2^D86) -> 0.5
C87: 37 | D87: 1 | E87: Input Voltage Limit | F87: 1 : Active, 0 : inactive | G87: MSB First | H87: NO | I87: 1 | J87: 0 | L87: =IF(H87="NO", J87, (-(2^(D87-1))+J87)*I87) -> 0 | M87: =IF(H87="NO",(((2^D87)-1+J87)*I87),(((2^(D87-1))-1+J87)*I87)) -> 1 | N87: =(M87-L87)/(2^D87) -> 0.5
C88: 38 | D88: 1 | E88: TempAccelThrottle | F88: 1 : Active, 0 : inactive | G88: MSB First | H88: NO | I88: 1 | J88: 0 | L88: =IF(H88="NO", J88, (-(2^(D88-1))+J88)*I88) -> 0 | M88: =IF(H88="NO",(((2^D88)-1+J88)*I88),(((2^(D88-1))-1+J88)*I88)) -> 1 | N88: =(M88-L88)/(2^D88) -> 0.5
C89: 39 | D89: 1 | E89: Motor Temperature Limit | F89: 1 : Active, 0 : inactive | G89: MSB First | H89: NO | I89: 1 | J89: 0 | L89: =IF(H89="NO", J89, (-(2^(D89-1))+J89)*I89) -> 0 | M89: =IF(H89="NO",(((2^D89)-1+J89)*I89),(((2^(D89-1))-1+J89)*I89)) -> 1 | N89: =(M89-L89)/(2^D89) -> 0.5
C90: 40 | D90: 1 | E90: RPM min limit | F90: 1 : Active, 0 : inactive | G90: MSB First | H90: NO | I90: 1 | J90: 0 | L90: =IF(H90="NO", J90, (-(2^(D90-1))+J90)*I90) -> 0 | M90: =IF(H90="NO",(((2^D90)-1+J90)*I90),(((2^(D90-1))-1+J90)*I90)) -> 1 | N90: =(M90-L90)/(2^D90) -> 0.5
C91: 41 | D91: 1 | E91: RPM Max limit | F91: 1 : Active, 0 : inactive | G91: MSB First | H91: NO | I91: 1 | J91: 0 | L91: =IF(H91="NO", J91, (-(2^(D91-1))+J91)*I91) -> 0 | M91: =IF(H91="NO",(((2^D91)-1+J91)*I91),(((2^(D91-1))-1+J91)*I91)) -> 1 | N91: =(M91-L91)/(2^D91) -> 0.5
C92: 42 | D92: 1 | E92: Power limit | F92: 1 : Active, 0 : inactive | G92: MSB First | H92: NO | I92: 1 | J92: 0 | L92: =IF(H92="NO", J92, (-(2^(D92-1))+J92)*I92) -> 0 | M92: =IF(H92="NO",(((2^D92)-1+J92)*I92),(((2^(D92-1))-1+J92)*I92)) -> 1 | N92: =(M92-L92)/(2^D92) -> 0.5
C93: 43 | D93: 5 | E93: RESERVED | F93: Set to 0 | G93: MSB First | H93: NO | I93: 1 | J93: 0 | L93: =IF(H93="NO", J93, (-(2^(D93-1))+J93)*I93) -> 0 | M93: =IF(H93="NO",(((2^D93)-1+J93)*I93),(((2^(D93-1))-1+J93)*I93)) -> 31 | N93: =(M93-L93)/(2^D93) -> 0.96875
C94: 48 | D94: 1 | E94: RESERVED | F94: Filled with FF's for future use | G94: MSB First | H94: NO | J94: 0 | K94: ~ | L94: =IF(H94="NO", J72, (-(2^(D94-1))+J72)*I94) -> 0 | M94: =IF(H94="NO",(((2^D94)-1+J72)*I94),(((2^(D94-1))-1+J72)*I94)) -> 0 | N94: =(M94-L94)/(2^D94) -> 0
C95: 56 | D95: 8 | E95: CAN map version | F95: Example, 23 -> (V2,3) | G95: MSB First | H95: NO | I95: 1 | J95: 0 | L95: =IF(H95="NO", J95, (-(2^(D95-1))+J95)*I95) -> 0 | M95: =IF(H95="NO",(((2^D95)-1+J95)*I95),(((2^(D95-1))-1+J95)*I95)) -> 255 | N95: =(M95-L95)/(2^D95) -> 0.99609375
C96: 64 | L96: =IF(H96="NO", J96, (-(2^(D96-1))+J96)*I96) -> 0 | M96: =IF(H96="NO",(((2^D96)-1+J96)*I96),(((2^(D96-1))-1+J96)*I96)) -> 0 | N96: =(M96-L96)/(2^D96) -> 0
A98: 0x011 | B98: 8 | C98: 0 | D98: 8 | E98: tLastTaskTime1ms | F98: MCU 1ms Last Task Time | G98: MSB First | H98: NO | I98: 50 | J98: 0 | K98: us | L98: =IF(H98="NO", J98, (-(2^(D98-1))+J98)*I98) -> 0 | M98: =IF(H98="NO",(((2^D98)-1+J98)*I98),(((2^(D98-1))-1+J98)*I98)) -> 12750 | N98: =(M98-L98)/(2^(D98-1)) -> 99.609375
C99: =C98+D98 -> 8 | D99: 8 | E99: tMaxTaskTime1ms | F99: MCU 1ms Max Task Time | G99: MSB First | H99: NO | I99: 50 | J99: 0 | K99: us | L99: =IF(H99="NO", J99, (-(2^(D99-1))+J99)*I99) -> 0 | M99: =IF(H99="NO",(((2^D99)-1+J99)*I99),(((2^(D99-1))-1+J99)*I99)) -> 12750 | N99: =(M99-L99)/(2^D99) -> 49.804688
C100: =C99+D99 -> 16 | D100: 8 | E100: tLastTaskTime100ms | F100: MCU 100ms Last Task Time | G100: MSB First | H100: NO | I100: 500 | J100: 0 | K100: us | L100: =IF(H100="NO", J100, (-(2^(D100-1))+J100)*I100) -> 0 | M100: =IF(H100="NO",(((2^D100)-1+J100)*I100),(((2^(D100-1))-1+J100)*I100)) -> 127500 | N100: =(M100-L100)/(2^D100) -> 498.04688
C101: =C100+D100 -> 24 | D101: 8 | E101: tMaxTaskTime100ms | F101: MCU 100ms Max Task Time | G101: MSB First | H101: NO | I101: 500 | J101: 0 | K101: us | L101: =IF(H101="NO", J101, (-(2^(D101-1))+J101)*I101) -> 0 | M101: =IF(H101="NO",(((2^D101)-1+J101)*I101),(((2^(D101-1))-1+J101)*I101)) -> 127500 | N101: =(M101-L101)/(2^D101) -> 498.04688
C102: =C101+D101 -> 32 | D102: 8 | E102: tLastTaskTimeBG | F102: MCU Background Last Task Time | G102: MSB First | H102: NO | I102: 500 | J102: 0 | K102: us | L102: =IF(H102="NO", J102, (-(2^(D102-1))+J102)*I102) -> 0 | M102: =IF(H102="NO",(((2^D102)-1+J102)*I102),(((2^(D102-1))-1+J102)*I102)) -> 127500 | N102: =(M102-L102)/(2^D102) -> 498.04688
C103: =C102+D102 -> 40 | D103: 8 | E103: tMaxTaskTimeBG | F103: MCU Background Max Task Time | G103: MSB First | H103: NO | I103: 500 | J103: 0 | K103: us | L103: =IF(H103="NO", J103, (-(2^(D103-1))+J103)*I103) -> 0 | M103: =IF(H103="NO",(((2^D103)-1+J103)*I103),(((2^(D103-1))-1+J103)*I103)) -> 127500 | N103: =(M103-L103)/(2^D103) -> 498.04688
C104: =C103+D103 -> 48 | D104: 12 | E104: tSincePowerUp | F104: MCU time since power up | G104: MSB First | H104: NO | I104: 4 | J104: 0 | K104: s | L104: =IF(H104="NO", J104, (-(2^(D104-1))+J104)*I104) -> 0 | M104: =IF(H104="NO",(((2^D104)-1+J104)*I104),(((2^(D104-1))-1+J104)*I104)) -> 16380 | N104: =(M104-L104)/(2^D104) -> 3.9990234
C105: =C104+D104 -> 60 | D105: 4 | E105: NLastResetReason | F105: MCU Last Reset Reason | G105: MSB First | H105: NO | I105: 1 | J105: 0 | L105: =IF(H105="NO", J105, (-(2^(D105-1))+J105)*I105) -> 0 | M105: =IF(H105="NO",(((2^D105)-1+J105)*I105),(((2^(D105-1))-1+J105)*I105)) -> 15 | N105: =(M105-L105)/(2^D105) -> 0.9375
C106: =C105+D105 -> 64 | L106: =IF(H106="NO", J106, (-(2^(D106-1))+J106)*I106) -> 0 | N106: =(M106-L106)/(2^D106) -> 0
A108: 0x012 | B108: 8 | C108: 0 | D108: 8 | E108: tLastTaskTime1ms | F108: MCU 1ms Last Task Time | G108: MSB First | H108: NO | I108: 50 | J108: 0 | K108: us | L108: =IF(H108="NO", J108, (-(2^(D108-1))+J108)*I108) -> 0 | M108: =IF(H108="NO",(((2^D108)-1+J108)*I108),(((2^(D108-1))-1+J108)*I108)) -> 12750 | N108: =(M108-L108)/(2^(D108-1)) -> 99.609375
C109: =C108+D108 -> 8 | D109: 8 | E109: tMaxTaskTime1ms | F109: MCU 1ms Max Task Time | G109: MSB First | H109: NO | I109: 50 | J109: 0 | K109: us | L109: =IF(H109="NO", J109, (-(2^(D109-1))+J109)*I109) -> 0 | M109: =IF(H109="NO",(((2^D109)-1+J109)*I109),(((2^(D109-1))-1+J109)*I109)) -> 12750 | N109: =(M109-L109)/(2^D109) -> 49.804688
C110: =C109+D109 -> 16 | D110: 8 | E110: tLastTaskTime100ms | F110: MCU 100ms Last Task Time | G110: MSB First | H110: NO | I110: 500 | J110: 0 | K110: us | L110: =IF(H110="NO", J110, (-(2^(D110-1))+J110)*I110) -> 0 | M110: =IF(H110="NO",(((2^D110)-1+J110)*I110),(((2^(D110-1))-1+J110)*I110)) -> 127500 | N110: =(M110-L110)/(2^D110) -> 498.04688
C111: =C110+D110 -> 24 | D111: 8 | E111: tMaxTaskTime100ms | F111: MCU 100ms Max Task Time | G111: MSB First | H111: NO | I111: 500 | J111: 0 | K111: us | L111: =IF(H111="NO", J111, (-(2^(D111-1))+J111)*I111) -> 0 | M111: =IF(H111="NO",(((2^D111)-1+J111)*I111),(((2^(D111-1))-1+J111)*I111)) -> 127500 | N111: =(M111-L111)/(2^D111) -> 498.04688
C112: =C111+D111 -> 32 | D112: 8 | E112: tLastTaskTimeBG | F112: MCU Background Last Task Time | G112: MSB First | H112: NO | I112: 500 | J112: 0 | K112: us | L112: =IF(H112="NO", J112, (-(2^(D112-1))+J112)*I112) -> 0 | M112: =IF(H112="NO",(((2^D112)-1+J112)*I112),(((2^(D112-1))-1+J112)*I112)) -> 127500 | N112: =(M112-L112)/(2^D112) -> 498.04688
C113: =C112+D112 -> 40 | D113: 8 | E113: tMaxTaskTimeBG | F113: MCU Background Max Task Time | G113: MSB First | H113: NO | I113: 500 | J113: 0 | K113: us | L113: =IF(H113="NO", J113, (-(2^(D113-1))+J113)*I113) -> 0 | M113: =IF(H113="NO",(((2^D113)-1+J113)*I113),(((2^(D113-1))-1+J113)*I113)) -> 127500 | N113: =(M113-L113)/(2^D113) -> 498.04688
C114: =C113+D113 -> 48 | D114: 12 | E114: tSincePowerUp | F114: MCU time since power up | G114: MSB First | H114: NO | I114: 4 | J114: 0 | K114: s | L114: =IF(H114="NO", J114, (-(2^(D114-1))+J114)*I114) -> 0 | M114: =IF(H114="NO",(((2^D114)-1+J114)*I114),(((2^(D114-1))-1+J114)*I114)) -> 16380 | N114: =(M114-L114)/(2^D114) -> 3.9990234
C115: =C114+D114 -> 60 | D115: 4 | E115: NLastResetReason | F115: MCU Last Reset Reason | G115: MSB First | H115: NO | I115: 1 | J115: 0 | L115: =IF(H115="NO", J115, (-(2^(D115-1))+J115)*I115) -> 0 | M115: =IF(H115="NO",(((2^D115)-1+J115)*I115),(((2^(D115-1))-1+J115)*I115)) -> 15 | N115: =(M115-L115)/(2^D115) -> 0.9375
C116: =C115+D115 -> 64 | L116: =IF(H116="NO", J116, (-(2^(D116-1))+J116)*I116) -> 0 | N116: =(M116-L116)/(2^D116) -> 0
A118: 0x040 | B118: 3 | C118: 0 | D118: 1 | E118: BIMDOff | F118: IMD is off | G118: MSB First | H118: NO | I118: 1 | J118: 0 | L118: =IF(H118="NO", J118, (-(2^(D118-1))+J118)*I118) -> 0 | M118: =IF(H118="NO",(((2^D118)-1+J118)*I118),(((2^(D118-1))-1+J118)*I118)) -> 1 | N118: =(M118-L118)/(2^(D118-1)) -> 1
C119: =C118+D118 -> 1 | D119: 1 | E119: BIMDUndervoltage | F119: IMD detected undervoltage | G119: MSB First | H119: NO | I119: 1 | J119: 0 | L119: =IF(H119="NO", J119, (-(2^(D119-1))+J119)*I119) -> 0 | M119: =IF(H119="NO",(((2^D119)-1+J119)*I119),(((2^(D119-1))-1+J119)*I119)) -> 1 | N119: =(M119-L119)/(2^D119) -> 0.5
C120: =C119+D119 -> 2 | D120: 1 | E120: BIMDStarting | F120: IMD is starting up | G120: MSB First | H120: NO | I120: 1 | J120: 0 | L120: =IF(H120="NO", J120, (-(2^(D120-1))+J120)*I120) -> 0 | M120: =IF(H120="NO",(((2^D120)-1+J120)*I120),(((2^(D120-1))-1+J120)*I120)) -> 1 | N120: =(M120-L120)/(2^D120) -> 0.5
C121: =C120+D120 -> 3 | D121: 1 | E121: BIMDSSTGood | F121: IMD insulation state good during start up | G121: MSB First | H121: NO | I121: 1 | J121: 0 | L121: =IF(H121="NO", J121, (-(2^(D121-1))+J121)*I121) -> 0 | M121: =IF(H121="NO",(((2^D121)-1+J121)*I121),(((2^(D121-1))-1+J121)*I121)) -> 1 | N121: =(M121-L121)/(2^D121) -> 0.5
...
